"Year","Period","Geo Level","State","State ANSI","Marketing_channels","Utilizations","Category","Metric","Remark","Value"
2024,"YEAR","NATIONAL","US TOTAL",NA,"FRESH MARKET",NA,"PRICE RECEIVED","MEASURED IN $ / CWT","ADJUSTED BASE",10.9
2024,"YEAR","NATIONAL","US TOTAL",NA,"PROCESSING",NA,"PRICE RECEIVED","MEASURED IN $ / TON","ADJUSTED BASE",4
2023,"MARKETING YEAR","NATIONAL","US TOTAL",NA,NA,NA,"PRICE RECEIVED","MEASURED IN $ / CWT",NA,123
2023,"MARKETING YEAR","NATIONAL","US TOTAL",NA,"FRESH MARKET",NA,"PRICE RECEIVED","MEASURED IN $ / CWT",NA,142
2023,"MARKETING YEAR","NATIONAL","US TOTAL",NA,"PROCESSING",NA,"PRICE RECEIVED","MEASURED IN $ / CWT",NA,43.8
2023,"MARKETING YEAR","STATE","CALIFORNIA","06",NA,NA,"PRICE RECEIVED","MEASURED IN $ / CWT",NA,121
2023,"MARKETING YEAR","STATE","CALIFORNIA","06","FRESH MARKET",NA,"PRICE RECEIVED","MEASURED IN $ / CWT",NA,2477.6
2023,"MARKETING YEAR","STATE","CALIFORNIA","06","PROCESSING",NA,"PRICE RECEIVED","MEASURED IN $ / CWT",NA,2477.6
2023,"MARKETING YEAR","STATE","FLORIDA","12",NA,NA,"PRICE RECEIVED","MEASURED IN $ / CWT",NA,147
2023,"MARKETING YEAR","STATE","FLORIDA","12","FRESH MARKET",NA,"PRICE RECEIVED","MEASURED IN $ / CWT",NA,76
2023,"MARKETING YEAR","STATE","FLORIDA","12","PROCESSING",NA,"PRICE RECEIVED","MEASURED IN $ / CWT",NA,76
2023,"MARKETING YEAR","STATE","OTHER STATES",NA,"FRESH MARKET",NA,"PRICE RECEIVED","MEASURED IN $ / CWT",NA,142
2023,"MARKETING YEAR","STATE","OTHER STATES",NA,"PROCESSING",NA,"PRICE RECEIVED","MEASURED IN $ / CWT",NA,43.8
2023,"YEAR","NATIONAL","US TOTAL",NA,NA,NA,"ACRES HARVESTED",NA,NA,56800
2023,"YEAR","NATIONAL","US TOTAL",NA,NA,NA,"ACRES PLANTED",NA,NA,57300
2023,"YEAR","NATIONAL","US TOTAL",NA,NA,NA,"PRODUCTION","MEASURED IN $",NA,3398943000
2023,"YEAR","NATIONAL","US TOTAL",NA,NA,NA,"PRODUCTION","MEASURED IN CWT",NA,27560000
2023,"YEAR","NATIONAL","US TOTAL",NA,NA,NA,"PRODUCTION","MEASURED IN TONS",NA,1378000
2023,"YEAR","NATIONAL","US TOTAL",NA,NA,NA,"YIELD","MEASURED IN CWT / ACRE",NA,485
2023,"YEAR","NATIONAL","US TOTAL",NA,NA,NA,"YIELD","MEASURED IN TONS / ACRE",NA,24.3
2023,"YEAR","NATIONAL","US TOTAL",NA,"FRESH MARKET",NA,"PRICE RECEIVED","MEASURED IN $ / CWT","10 YEAR AVG FOR PARITY PURPOSES",120
2023,"YEAR","NATIONAL","US TOTAL",NA,"FRESH MARKET",NA,"PRICE RECEIVED","MEASURED IN $ / CWT","10 YEAR AVG",120
2023,"YEAR","NATIONAL","US TOTAL",NA,"FRESH MARKET",NA,"PRICE RECEIVED","MEASURED IN $ / CWT","ADJUSTED BASE",10.8
2023,"YEAR","NATIONAL","US TOTAL",NA,"FRESH MARKET",NA,"PRODUCTION","MEASURED IN $",NA,3173579000
2023,"YEAR","NATIONAL","US TOTAL",NA,"FRESH MARKET","UTILIZED","PRODUCTION","MEASURED IN CWT",NA,22382200
2023,"YEAR","NATIONAL","US TOTAL",NA,NA,NA,"NOT SOLD PRODUCTION","MEASURED IN CWT",NA,33400
2023,"YEAR","NATIONAL","US TOTAL",NA,"PROCESSING",NA,"PRICE RECEIVED","MEASURED IN $ / TON","10 YEAR AVG FOR PARITY PURPOSES",44.4
2023,"YEAR","NATIONAL","US TOTAL",NA,"PROCESSING",NA,"PRICE RECEIVED","MEASURED IN $ / TON","10 YEAR AVG",44.4
2023,"YEAR","NATIONAL","US TOTAL",NA,"PROCESSING",NA,"PRICE RECEIVED","MEASURED IN $ / TON","ADJUSTED BASE",4
2023,"YEAR","NATIONAL","US TOTAL",NA,"PROCESSING",NA,"PRODUCTION","MEASURED IN $",NA,225364000
2023,"YEAR","NATIONAL","US TOTAL",NA,"PROCESSING","UTILIZED","PRODUCTION","MEASURED IN CWT",NA,5144400
2023,"YEAR","NATIONAL","US TOTAL",NA,NA,"UTILIZED","PRODUCTION","MEASURED IN CWT",NA,27526600
2023,"YEAR","NATIONAL","US TOTAL",NA,NA,"UTILIZED","PRODUCTION","MEASURED IN TONS",NA,1376330
2023,"YEAR","STATE","CALIFORNIA","06",NA,NA,"ACRES HARVESTED",NA,NA,42700
2023,"YEAR","STATE","CALIFORNIA","06",NA,NA,"ACRES PLANTED",NA,NA,43100
2023,"YEAR","STATE","CALIFORNIA","06",NA,NA,"PRODUCTION","MEASURED IN $",NA,2965387000
2023,"YEAR","STATE","CALIFORNIA","06",NA,NA,"PRODUCTION","MEASURED IN CWT",NA,24600000
2023,"YEAR","STATE","CALIFORNIA","06",NA,NA,"YIELD","MEASURED IN CWT / ACRE",NA,575
2023,"YEAR","STATE","CALIFORNIA","06","FRESH MARKET",NA,"PRODUCTION","MEASURED IN $",NA,122966403.6
2023,"YEAR","STATE","CALIFORNIA","06","FRESH MARKET","UTILIZED","PRODUCTION","MEASURED IN CWT",NA,122966403.6
2023,"YEAR","STATE","CALIFORNIA","06",NA,NA,"NOT SOLD PRODUCTION","MEASURED IN CWT",NA,24600
2023,"YEAR","STATE","CALIFORNIA","06","PROCESSING",NA,"PRODUCTION","MEASURED IN $",NA,122966403.6
2023,"YEAR","STATE","CALIFORNIA","06","PROCESSING","UTILIZED","PRODUCTION","MEASURED IN CWT",NA,122966403.6
2023,"YEAR","STATE","CALIFORNIA","06",NA,"UTILIZED","PRODUCTION","MEASURED IN CWT",NA,24575400
2023,"YEAR","STATE","FLORIDA","12",NA,NA,"ACRES HARVESTED",NA,NA,14100
2023,"YEAR","STATE","FLORIDA","12",NA,NA,"ACRES PLANTED",NA,NA,14200
2023,"YEAR","STATE","FLORIDA","12",NA,NA,"PRODUCTION","MEASURED IN $",NA,433556000
2023,"YEAR","STATE","FLORIDA","12",NA,NA,"PRODUCTION","MEASURED IN CWT",NA,2960000
2023,"YEAR","STATE","FLORIDA","12",NA,NA,"YIELD","MEASURED IN CWT / ACRE",NA,210
2023,"YEAR","STATE","FLORIDA","12","FRESH MARKET",NA,"PRODUCTION","MEASURED IN $",NA,3821658.2
2023,"YEAR","STATE","FLORIDA","12","FRESH MARKET","UTILIZED","PRODUCTION","MEASURED IN CWT",NA,3821658.2
2023,"YEAR","STATE","FLORIDA","12",NA,NA,"NOT SOLD PRODUCTION","MEASURED IN CWT",NA,8800
2023,"YEAR","STATE","FLORIDA","12","PROCESSING",NA,"PRODUCTION","MEASURED IN $",NA,3821658.2
2023,"YEAR","STATE","FLORIDA","12","PROCESSING","UTILIZED","PRODUCTION","MEASURED IN CWT",NA,3821658.2
2023,"YEAR","STATE","FLORIDA","12",NA,"UTILIZED","PRODUCTION","MEASURED IN CWT",NA,2951200
2023,"YEAR","STATE","OTHER STATES",NA,"FRESH MARKET",NA,"PRODUCTION","MEASURED IN $",NA,3173579000
2023,"YEAR","STATE","OTHER STATES",NA,"FRESH MARKET","UTILIZED","PRODUCTION","MEASURED IN CWT",NA,22382200
2023,"YEAR","STATE","OTHER STATES",NA,NA,NA,"NOT SOLD PRODUCTION","MEASURED IN CWT",NA,0
2023,"YEAR","STATE","OTHER STATES",NA,"PROCESSING",NA,"PRODUCTION","MEASURED IN $",NA,225364000
2023,"YEAR","STATE","OTHER STATES",NA,"PROCESSING","UTILIZED","PRODUCTION","MEASURED IN CWT",NA,5144400
2022,"MARKETING YEAR","NATIONAL","US TOTAL",NA,NA,NA,"PRICE RECEIVED","MEASURED IN $ / CWT",NA,114
2022,"MARKETING YEAR","NATIONAL","US TOTAL",NA,"FRESH MARKET",NA,"PRICE RECEIVED","MEASURED IN $ / CWT",NA,135
2022,"MARKETING YEAR","NATIONAL","US TOTAL",NA,"PROCESSING",NA,"PRICE RECEIVED","MEASURED IN $ / CWT",NA,27.1
2022,"MARKETING YEAR","STATE","CALIFORNIA","06",NA,NA,"PRICE RECEIVED","MEASURED IN $ / CWT",NA,108
2022,"MARKETING YEAR","STATE","CALIFORNIA","06","FRESH MARKET",NA,"PRICE RECEIVED","MEASURED IN $ / CWT",NA,692.7
2022,"MARKETING YEAR","STATE","CALIFORNIA","06","PROCESSING",NA,"PRICE RECEIVED","MEASURED IN $ / CWT",NA,692.7
2022,"MARKETING YEAR","STATE","FLORIDA","12",NA,NA,"PRICE RECEIVED","MEASURED IN $ / CWT",NA,169
2022,"MARKETING YEAR","STATE","FLORIDA","12","FRESH MARKET",NA,"PRICE RECEIVED","MEASURED IN $ / CWT",NA,20.6
2022,"MARKETING YEAR","STATE","FLORIDA","12","PROCESSING",NA,"PRICE RECEIVED","MEASURED IN $ / CWT",NA,20.6
2022,"MARKETING YEAR","STATE","OTHER STATES",NA,NA,NA,"PRICE RECEIVED","MEASURED IN $ / CWT",NA,0
2022,"MARKETING YEAR","STATE","OTHER STATES",NA,"FRESH MARKET",NA,"PRICE RECEIVED","MEASURED IN $ / CWT",NA,135
2022,"MARKETING YEAR","STATE","OTHER STATES",NA,"PROCESSING",NA,"PRICE RECEIVED","MEASURED IN $ / CWT",NA,27.1
2022,"YEAR","NATIONAL","US TOTAL",NA,NA,NA,"ACRES HARVESTED",NA,NA,56300
2022,"YEAR","NATIONAL","US TOTAL",NA,NA,NA,"ACRES PLANTED",NA,NA,56400
2022,"YEAR","NATIONAL","US TOTAL",NA,NA,NA,"PRODUCTION","MEASURED IN $",NA,3259100000
2022,"YEAR","NATIONAL","US TOTAL",NA,NA,NA,"PRODUCTION","MEASURED IN CWT",NA,28520000
2022,"YEAR","NATIONAL","US TOTAL",NA,NA,NA,"PRODUCTION","MEASURED IN TONS",NA,1426000
2022,"YEAR","NATIONAL","US TOTAL",NA,NA,NA,"YIELD","MEASURED IN CWT / ACRE",NA,507
2022,"YEAR","NATIONAL","US TOTAL",NA,NA,NA,"YIELD","MEASURED IN TONS / ACRE",NA,25.3
2022,"YEAR","NATIONAL","US TOTAL",NA,"FRESH MARKET",NA,"PRICE RECEIVED","MEASURED IN $ / CWT","10 YEAR AVG FOR PARITY PURPOSES",116
2022,"YEAR","NATIONAL","US TOTAL",NA,"FRESH MARKET",NA,"PRICE RECEIVED","MEASURED IN $ / CWT","10 YEAR AVG",116
2022,"YEAR","NATIONAL","US TOTAL",NA,"FRESH MARKET",NA,"PRODUCTION","MEASURED IN $",NA,3112100000
2022,"YEAR","NATIONAL","US TOTAL",NA,"FRESH MARKET","UTILIZED","PRODUCTION","MEASURED IN CWT",NA,23077600
2022,"YEAR","NATIONAL","US TOTAL",NA,NA,NA,"NOT SOLD PRODUCTION","MEASURED IN CWT",NA,25700
2022,"YEAR","NATIONAL","US TOTAL",NA,"PROCESSING",NA,"PRICE RECEIVED","MEASURED IN $ / TON","10 YEAR AVG FOR PARITY PURPOSES",43.5
2022,"YEAR","NATIONAL","US TOTAL",NA,"PROCESSING",NA,"PRICE RECEIVED","MEASURED IN $ / TON","10 YEAR AVG",43.5
2022,"YEAR","NATIONAL","US TOTAL",NA,"PROCESSING",NA,"PRODUCTION","MEASURED IN $",NA,1.47e+08
2022,"YEAR","NATIONAL","US TOTAL",NA,"PROCESSING","UTILIZED","PRODUCTION","MEASURED IN CWT",NA,5416700
2022,"YEAR","NATIONAL","US TOTAL",NA,NA,"UTILIZED","PRODUCTION","MEASURED IN CWT",NA,28494300
2022,"YEAR","NATIONAL","US TOTAL",NA,NA,"UTILIZED","PRODUCTION","MEASURED IN TONS",NA,1424715
2022,"YEAR","STATE","CALIFORNIA","06",NA,NA,"ACRES HARVESTED",NA,NA,43500
2022,"YEAR","STATE","CALIFORNIA","06",NA,NA,"ACRES PLANTED",NA,NA,43600
2022,"YEAR","STATE","CALIFORNIA","06",NA,NA,"PRODUCTION","MEASURED IN $",NA,2781768000
2022,"YEAR","STATE","CALIFORNIA","06",NA,NA,"PRODUCTION","MEASURED IN CWT",NA,25700000
2022,"YEAR","STATE","CALIFORNIA","06",NA,NA,"YIELD","MEASURED IN CWT / ACRE",NA,590
2022,"YEAR","STATE","CALIFORNIA","06","FRESH MARKET",NA,"PRODUCTION","MEASURED IN $",NA,34417487.9
2022,"YEAR","STATE","CALIFORNIA","06","FRESH MARKET","UTILIZED","PRODUCTION","MEASURED IN CWT",NA,34417487.9
2022,"YEAR","STATE","CALIFORNIA","06",NA,NA,"NOT SOLD PRODUCTION","MEASURED IN CWT",NA,25700
2022,"YEAR","STATE","CALIFORNIA","06","PROCESSING",NA,"PRODUCTION","MEASURED IN $",NA,34417487.9
2022,"YEAR","STATE","CALIFORNIA","06","PROCESSING","UTILIZED","PRODUCTION","MEASURED IN CWT",NA,34417487.9
2022,"YEAR","STATE","CALIFORNIA","06",NA,"UTILIZED","PRODUCTION","MEASURED IN CWT",NA,25674300
2022,"YEAR","STATE","FLORIDA","12",NA,NA,"ACRES HARVESTED",NA,NA,12800
2022,"YEAR","STATE","FLORIDA","12",NA,NA,"ACRES PLANTED",NA,NA,12800
2022,"YEAR","STATE","FLORIDA","12",NA,NA,"PRODUCTION","MEASURED IN $",NA,477332000
2022,"YEAR","STATE","FLORIDA","12",NA,NA,"PRODUCTION","MEASURED IN CWT",NA,2820000
2022,"YEAR","STATE","FLORIDA","12",NA,NA,"YIELD","MEASURED IN CWT / ACRE",NA,220
2022,"YEAR","STATE","FLORIDA","12","FRESH MARKET",NA,"PRODUCTION","MEASURED IN $",NA,1069656.3
2022,"YEAR","STATE","FLORIDA","12","FRESH MARKET","UTILIZED","PRODUCTION","MEASURED IN CWT",NA,1069656.3
2022,"YEAR","STATE","FLORIDA","12",NA,NA,"NOT SOLD PRODUCTION","MEASURED IN CWT",NA,0
2022,"YEAR","STATE","FLORIDA","12","PROCESSING",NA,"PRODUCTION","MEASURED IN $",NA,1069656.3
2022,"YEAR","STATE","FLORIDA","12","PROCESSING","UTILIZED","PRODUCTION","MEASURED IN CWT",NA,1069656.3
2022,"YEAR","STATE","FLORIDA","12",NA,"UTILIZED","PRODUCTION","MEASURED IN CWT",NA,2820000
2022,"YEAR","STATE","OTHER STATES",NA,NA,NA,"ACRES HARVESTED",NA,NA,0
2022,"YEAR","STATE","OTHER STATES",NA,NA,NA,"ACRES PLANTED",NA,NA,0
2022,"YEAR","STATE","OTHER STATES",NA,NA,NA,"PRODUCTION","MEASURED IN $",NA,0
2022,"YEAR","STATE","OTHER STATES",NA,NA,NA,"PRODUCTION","MEASURED IN CWT",NA,0
2022,"YEAR","STATE","OTHER STATES",NA,NA,NA,"YIELD","MEASURED IN CWT / ACRE",NA,0
2022,"YEAR","STATE","OTHER STATES",NA,"FRESH MARKET",NA,"PRODUCTION","MEASURED IN $",NA,3112100000
2022,"YEAR","STATE","OTHER STATES",NA,"FRESH MARKET","UTILIZED","PRODUCTION","MEASURED IN CWT",NA,23077600
2022,"YEAR","STATE","OTHER STATES",NA,NA,NA,"NOT SOLD PRODUCTION","MEASURED IN CWT",NA,0
2022,"YEAR","STATE","OTHER STATES",NA,"PROCESSING",NA,"PRODUCTION","MEASURED IN $",NA,1.47e+08
2022,"YEAR","STATE","OTHER STATES",NA,"PROCESSING","UTILIZED","PRODUCTION","MEASURED IN CWT",NA,5416700
2022,"YEAR","STATE","OTHER STATES",NA,NA,"UTILIZED","PRODUCTION","MEASURED IN CWT",NA,0
2021,"MARKETING YEAR","NATIONAL","US TOTAL",NA,NA,NA,"PRICE RECEIVED","MEASURED IN $ / CWT",NA,129
2021,"MARKETING YEAR","NATIONAL","US TOTAL",NA,"FRESH MARKET",NA,"PRICE RECEIVED","MEASURED IN $ / CWT",NA,143
2021,"MARKETING YEAR","NATIONAL","US TOTAL",NA,"PROCESSING",NA,"PRICE RECEIVED","MEASURED IN $ / CWT",NA,64
2021,"MARKETING YEAR","STATE","CALIFORNIA","06",NA,NA,"PRICE RECEIVED","MEASURED IN $ / CWT",NA,125
2021,"MARKETING YEAR","STATE","CALIFORNIA","06","FRESH MARKET",NA,"PRICE RECEIVED","MEASURED IN $ / CWT",NA,744.3
2021,"MARKETING YEAR","STATE","CALIFORNIA","06","PROCESSING",NA,"PRICE RECEIVED","MEASURED IN $ / CWT",NA,744.3
2021,"MARKETING YEAR","STATE","FLORIDA","12",NA,NA,"PRICE RECEIVED","MEASURED IN $ / CWT",NA,160
2021,"MARKETING YEAR","STATE","FLORIDA","12","FRESH MARKET",NA,"PRICE RECEIVED","MEASURED IN $ / CWT",NA,22.2
2021,"MARKETING YEAR","STATE","FLORIDA","12","PROCESSING",NA,"PRICE RECEIVED","MEASURED IN $ / CWT",NA,22.2
2021,"MARKETING YEAR","STATE","OTHER STATES",NA,NA,NA,"PRICE RECEIVED","MEASURED IN $ / CWT",NA,0
2021,"MARKETING YEAR","STATE","OTHER STATES",NA,"FRESH MARKET",NA,"PRICE RECEIVED","MEASURED IN $ / CWT",NA,143
2021,"MARKETING YEAR","STATE","OTHER STATES",NA,"PROCESSING",NA,"PRICE RECEIVED","MEASURED IN $ / CWT",NA,64
2021,"YEAR","NATIONAL","US TOTAL",NA,NA,NA,"ACRES HARVESTED",NA,NA,52500
2021,"YEAR","NATIONAL","US TOTAL",NA,NA,NA,"ACRES PLANTED",NA,NA,52500
2021,"YEAR","NATIONAL","US TOTAL",NA,NA,NA,"PRODUCTION","MEASURED IN $",NA,3583960000
2021,"YEAR","NATIONAL","US TOTAL",NA,NA,NA,"PRODUCTION","MEASURED IN CWT",NA,27930000
2021,"YEAR","NATIONAL","US TOTAL",NA,NA,NA,"PRODUCTION","MEASURED IN TONS",NA,1396500
2021,"YEAR","NATIONAL","US TOTAL",NA,NA,NA,"YIELD","MEASURED IN CWT / ACRE",NA,532
2021,"YEAR","NATIONAL","US TOTAL",NA,NA,NA,"YIELD","MEASURED IN TONS / ACRE",NA,26.6
2021,"YEAR","NATIONAL","US TOTAL",NA,"FRESH MARKET",NA,"PRICE RECEIVED","MEASURED IN $ / CWT","10 YEAR AVG",111
2021,"YEAR","NATIONAL","US TOTAL",NA,"FRESH MARKET",NA,"PRODUCTION","MEASURED IN $",NA,3253959000
2021,"YEAR","NATIONAL","US TOTAL",NA,"FRESH MARKET","UTILIZED","PRODUCTION","MEASURED IN CWT",NA,22697900
2021,"YEAR","NATIONAL","US TOTAL",NA,NA,NA,"NOT SOLD PRODUCTION","MEASURED IN CWT",NA,75300
2021,"YEAR","NATIONAL","US TOTAL",NA,"PROCESSING",NA,"PRICE RECEIVED","MEASURED IN $ / TON","10 YEAR AVG",44.1
2021,"YEAR","NATIONAL","US TOTAL",NA,"PROCESSING",NA,"PRODUCTION","MEASURED IN $",NA,330001000
2021,"YEAR","NATIONAL","US TOTAL",NA,"PROCESSING","UTILIZED","PRODUCTION","MEASURED IN CWT",NA,5156800
2021,"YEAR","NATIONAL","US TOTAL",NA,NA,"UTILIZED","PRODUCTION","MEASURED IN CWT",NA,27854700
2021,"YEAR","NATIONAL","US TOTAL",NA,NA,"UTILIZED","PRODUCTION","MEASURED IN TONS",NA,1392735
2021,"YEAR","STATE","CALIFORNIA","06",NA,NA,"ACRES HARVESTED",NA,NA,40200
2021,"YEAR","STATE","CALIFORNIA","06",NA,NA,"ACRES PLANTED",NA,NA,40200
2021,"YEAR","STATE","CALIFORNIA","06",NA,NA,"PRODUCTION","MEASURED IN $",NA,3132279000
2021,"YEAR","STATE","CALIFORNIA","06",NA,NA,"PRODUCTION","MEASURED IN CWT",NA,25100000
2021,"YEAR","STATE","CALIFORNIA","06",NA,NA,"YIELD","MEASURED IN CWT / ACRE",NA,625
2021,"YEAR","STATE","CALIFORNIA","06","FRESH MARKET",NA,"PRODUCTION","MEASURED IN $",NA,36976786.1
2021,"YEAR","STATE","CALIFORNIA","06","FRESH MARKET","UTILIZED","PRODUCTION","MEASURED IN CWT",NA,36976786.1
2021,"YEAR","STATE","CALIFORNIA","06",NA,NA,"NOT SOLD PRODUCTION","MEASURED IN CWT",NA,75300
2021,"YEAR","STATE","CALIFORNIA","06","PROCESSING",NA,"PRODUCTION","MEASURED IN $",NA,36976786.1
2021,"YEAR","STATE","CALIFORNIA","06","PROCESSING","UTILIZED","PRODUCTION","MEASURED IN CWT",NA,36976786.1
2021,"YEAR","STATE","CALIFORNIA","06",NA,"UTILIZED","PRODUCTION","MEASURED IN CWT",NA,25024700
2021,"YEAR","STATE","FLORIDA","12",NA,NA,"ACRES HARVESTED",NA,NA,12300
2021,"YEAR","STATE","FLORIDA","12",NA,NA,"ACRES PLANTED",NA,NA,12300
2021,"YEAR","STATE","FLORIDA","12",NA,NA,"PRODUCTION","MEASURED IN $",NA,451681000
2021,"YEAR","STATE","FLORIDA","12",NA,NA,"PRODUCTION","MEASURED IN CWT",NA,2830000
2021,"YEAR","STATE","FLORIDA","12",NA,NA,"YIELD","MEASURED IN CWT / ACRE",NA,230
2021,"YEAR","STATE","FLORIDA","12","FRESH MARKET",NA,"PRODUCTION","MEASURED IN $",NA,1149196.4
2021,"YEAR","STATE","FLORIDA","12","FRESH MARKET","UTILIZED","PRODUCTION","MEASURED IN CWT",NA,1149196.4
2021,"YEAR","STATE","FLORIDA","12",NA,NA,"NOT SOLD PRODUCTION","MEASURED IN CWT",NA,0
2021,"YEAR","STATE","FLORIDA","12","PROCESSING",NA,"PRODUCTION","MEASURED IN $",NA,1149196.4
2021,"YEAR","STATE","FLORIDA","12","PROCESSING","UTILIZED","PRODUCTION","MEASURED IN CWT",NA,1149196.4
2021,"YEAR","STATE","FLORIDA","12",NA,"UTILIZED","PRODUCTION","MEASURED IN CWT",NA,2830000
2021,"YEAR","STATE","OTHER STATES",NA,NA,NA,"ACRES HARVESTED",NA,NA,0
2021,"YEAR","STATE","OTHER STATES",NA,NA,NA,"ACRES PLANTED",NA,NA,0
2021,"YEAR","STATE","OTHER STATES",NA,NA,NA,"PRODUCTION","MEASURED IN $",NA,0
2021,"YEAR","STATE","OTHER STATES",NA,NA,NA,"PRODUCTION","MEASURED IN CWT",NA,0
2021,"YEAR","STATE","OTHER STATES",NA,NA,NA,"YIELD","MEASURED IN CWT / ACRE",NA,0
2021,"YEAR","STATE","OTHER STATES",NA,"FRESH MARKET",NA,"PRODUCTION","MEASURED IN $",NA,3253959000
2021,"YEAR","STATE","OTHER STATES",NA,"FRESH MARKET","UTILIZED","PRODUCTION","MEASURED IN CWT",NA,22697900
2021,"YEAR","STATE","OTHER STATES",NA,NA,NA,"NOT SOLD PRODUCTION","MEASURED IN CWT",NA,0
2021,"YEAR","STATE","OTHER STATES",NA,"PROCESSING",NA,"PRODUCTION","MEASURED IN $",NA,330001000
2021,"YEAR","STATE","OTHER STATES",NA,"PROCESSING","UTILIZED","PRODUCTION","MEASURED IN CWT",NA,5156800
2021,"YEAR","STATE","OTHER STATES",NA,NA,"UTILIZED","PRODUCTION","MEASURED IN CWT",NA,0
2020,"MARKETING YEAR","NATIONAL","US TOTAL",NA,NA,NA,"PRICE RECEIVED","MEASURED IN $ / CWT",NA,97.1
2020,"MARKETING YEAR","NATIONAL","US TOTAL",NA,"FRESH MARKET",NA,"PRICE RECEIVED","MEASURED IN $ / CWT",NA,111
2020,"MARKETING YEAR","NATIONAL","US TOTAL",NA,"PROCESSING",NA,"PRICE RECEIVED","MEASURED IN $ / CWT",NA,38.1
2020,"MARKETING YEAR","STATE","CALIFORNIA","06",NA,NA,"PRICE RECEIVED","MEASURED IN $ / CWT",NA,93.1
2020,"MARKETING YEAR","STATE","CALIFORNIA","06","FRESH MARKET",NA,"PRICE RECEIVED","MEASURED IN $ / CWT",NA,746.4
2020,"MARKETING YEAR","STATE","CALIFORNIA","06","PROCESSING",NA,"PRICE RECEIVED","MEASURED IN $ / CWT",NA,746.4
2020,"MARKETING YEAR","STATE","FLORIDA","12",NA,NA,"PRICE RECEIVED","MEASURED IN $ / CWT",NA,139
2020,"MARKETING YEAR","STATE","FLORIDA","12","FRESH MARKET",NA,"PRICE RECEIVED","MEASURED IN $ / CWT",NA,22.2
2020,"MARKETING YEAR","STATE","FLORIDA","12","PROCESSING",NA,"PRICE RECEIVED","MEASURED IN $ / CWT",NA,22.2
2020,"MARKETING YEAR","STATE","OTHER STATES",NA,NA,NA,"PRICE RECEIVED","MEASURED IN $ / CWT",NA,0
2020,"MARKETING YEAR","STATE","OTHER STATES",NA,"FRESH MARKET",NA,"PRICE RECEIVED","MEASURED IN $ / CWT",NA,111
2020,"MARKETING YEAR","STATE","OTHER STATES",NA,"PROCESSING",NA,"PRICE RECEIVED","MEASURED IN $ / CWT",NA,38.1
2020,"YEAR","NATIONAL","US TOTAL",NA,NA,NA,"ACRES HARVESTED",NA,NA,49300
2020,"YEAR","NATIONAL","US TOTAL",NA,NA,NA,"ACRES PLANTED",NA,NA,49700
2020,"YEAR","NATIONAL","US TOTAL",NA,NA,NA,"PRODUCTION","MEASURED IN $",NA,2591759000
2020,"YEAR","NATIONAL","US TOTAL",NA,NA,NA,"PRODUCTION","MEASURED IN CWT",NA,26740000
2020,"YEAR","NATIONAL","US TOTAL",NA,NA,NA,"PRODUCTION","MEASURED IN TONS",NA,1337000
2020,"YEAR","NATIONAL","US TOTAL",NA,NA,NA,"YIELD","MEASURED IN CWT / ACRE",NA,542
2020,"YEAR","NATIONAL","US TOTAL",NA,NA,NA,"YIELD","MEASURED IN TONS / ACRE",NA,27.1
2020,"YEAR","NATIONAL","US TOTAL",NA,"FRESH MARKET",NA,"PRODUCTION","MEASURED IN $",NA,2404152000
2020,"YEAR","NATIONAL","US TOTAL",NA,"FRESH MARKET","UTILIZED","PRODUCTION","MEASURED IN CWT",NA,21756400
2020,"YEAR","NATIONAL","US TOTAL",NA,NA,NA,"NOT SOLD PRODUCTION","MEASURED IN CWT",NA,55800
2020,"YEAR","NATIONAL","US TOTAL",NA,"PROCESSING",NA,"PRODUCTION","MEASURED IN $",NA,187607000
2020,"YEAR","NATIONAL","US TOTAL",NA,"PROCESSING","UTILIZED","PRODUCTION","MEASURED IN CWT",NA,4927800
2020,"YEAR","NATIONAL","US TOTAL",NA,NA,"UTILIZED","PRODUCTION","MEASURED IN CWT",NA,26684200
2020,"YEAR","NATIONAL","US TOTAL",NA,NA,"UTILIZED","PRODUCTION","MEASURED IN TONS",NA,1334210
2020,"YEAR","STATE","CALIFORNIA","06",NA,NA,"ACRES HARVESTED",NA,NA,37600
2020,"YEAR","STATE","CALIFORNIA","06",NA,NA,"ACRES PLANTED",NA,NA,38000
2020,"YEAR","STATE","CALIFORNIA","06",NA,NA,"PRODUCTION","MEASURED IN $",NA,2267175000
2020,"YEAR","STATE","CALIFORNIA","06",NA,NA,"PRODUCTION","MEASURED IN CWT",NA,24400000
2020,"YEAR","STATE","CALIFORNIA","06",NA,NA,"YIELD","MEASURED IN CWT / ACRE",NA,650
2020,"YEAR","STATE","CALIFORNIA","06","FRESH MARKET",NA,"PRODUCTION","MEASURED IN $",NA,37078210.9
2020,"YEAR","STATE","CALIFORNIA","06","FRESH MARKET","UTILIZED","PRODUCTION","MEASURED IN CWT",NA,37078210.9
2020,"YEAR","STATE","CALIFORNIA","06",NA,NA,"NOT SOLD PRODUCTION","MEASURED IN CWT",NA,48800
2020,"YEAR","STATE","CALIFORNIA","06","PROCESSING",NA,"PRODUCTION","MEASURED IN $",NA,37078210.9
2020,"YEAR","STATE","CALIFORNIA","06","PROCESSING","UTILIZED","PRODUCTION","MEASURED IN CWT",NA,37078210.9
2020,"YEAR","STATE","CALIFORNIA","06",NA,"UTILIZED","PRODUCTION","MEASURED IN CWT",NA,24351200
2020,"YEAR","STATE","FLORIDA","12",NA,NA,"ACRES HARVESTED",NA,NA,11700
2020,"YEAR","STATE","FLORIDA","12",NA,NA,"ACRES PLANTED",NA,NA,11700
2020,"YEAR","STATE","FLORIDA","12",NA,NA,"PRODUCTION","MEASURED IN $",NA,324584000
2020,"YEAR","STATE","FLORIDA","12",NA,NA,"PRODUCTION","MEASURED IN CWT",NA,2340000
2020,"YEAR","STATE","FLORIDA","12",NA,NA,"YIELD","MEASURED IN CWT / ACRE",NA,200
2020,"YEAR","STATE","FLORIDA","12","FRESH MARKET",NA,"PRODUCTION","MEASURED IN $",NA,1152348.6
2020,"YEAR","STATE","FLORIDA","12","FRESH MARKET","UTILIZED","PRODUCTION","MEASURED IN CWT",NA,1152348.6
2020,"YEAR","STATE","FLORIDA","12",NA,NA,"NOT SOLD PRODUCTION","MEASURED IN CWT",NA,7000
2020,"YEAR","STATE","FLORIDA","12","PROCESSING",NA,"PRODUCTION","MEASURED IN $",NA,1152348.6
2020,"YEAR","STATE","FLORIDA","12","PROCESSING","UTILIZED","PRODUCTION","MEASURED IN CWT",NA,1152348.6
2020,"YEAR","STATE","FLORIDA","12",NA,"UTILIZED","PRODUCTION","MEASURED IN CWT",NA,2333000
2020,"YEAR","STATE","OTHER STATES",NA,NA,NA,"ACRES HARVESTED",NA,NA,0
2020,"YEAR","STATE","OTHER STATES",NA,NA,NA,"ACRES PLANTED",NA,NA,0
2020,"YEAR","STATE","OTHER STATES",NA,NA,NA,"PRODUCTION","MEASURED IN $",NA,0
2020,"YEAR","STATE","OTHER STATES",NA,NA,NA,"PRODUCTION","MEASURED IN CWT",NA,0
2020,"YEAR","STATE","OTHER STATES",NA,NA,NA,"YIELD","MEASURED IN CWT / ACRE",NA,0
2020,"YEAR","STATE","OTHER STATES",NA,"FRESH MARKET",NA,"PRODUCTION","MEASURED IN $",NA,2404152000
2020,"YEAR","STATE","OTHER STATES",NA,"FRESH MARKET","UTILIZED","PRODUCTION","MEASURED IN CWT",NA,21756400
2020,"YEAR","STATE","OTHER STATES",NA,NA,NA,"NOT SOLD PRODUCTION","MEASURED IN CWT",NA,0
2020,"YEAR","STATE","OTHER STATES",NA,"PROCESSING",NA,"PRODUCTION","MEASURED IN $",NA,187607000
2020,"YEAR","STATE","OTHER STATES",NA,"PROCESSING","UTILIZED","PRODUCTION","MEASURED IN CWT",NA,4927800
2020,"YEAR","STATE","OTHER STATES",NA,NA,"UTILIZED","PRODUCTION","MEASURED IN CWT",NA,0
2019,"MARKETING YEAR","NATIONAL","US TOTAL",NA,NA,NA,"PRICE RECEIVED","MEASURED IN $ / CWT",NA,115
2019,"MARKETING YEAR","NATIONAL","US TOTAL",NA,"FRESH MARKET",NA,"PRICE RECEIVED","MEASURED IN $ / CWT",NA,130
2019,"MARKETING YEAR","NATIONAL","US TOTAL",NA,"PROCESSING",NA,"PRICE RECEIVED","MEASURED IN $ / CWT",NA,52.8
2019,"MARKETING YEAR","STATE","CALIFORNIA","06",NA,NA,"PRICE RECEIVED","MEASURED IN $ / CWT",NA,110
2019,"MARKETING YEAR","STATE","CALIFORNIA","06","FRESH MARKET",NA,"PRICE RECEIVED","MEASURED IN $ / CWT",NA,2311.8
2019,"MARKETING YEAR","STATE","CALIFORNIA","06","PROCESSING",NA,"PRICE RECEIVED","MEASURED IN $ / CWT",NA,2311.8
2019,"MARKETING YEAR","STATE","FLORIDA","12",NA,NA,"PRICE RECEIVED","MEASURED IN $ / CWT",NA,152
2019,"MARKETING YEAR","STATE","FLORIDA","12","FRESH MARKET",NA,"PRICE RECEIVED","MEASURED IN $ / CWT",NA,70.9
2019,"MARKETING YEAR","STATE","FLORIDA","12","PROCESSING",NA,"PRICE RECEIVED","MEASURED IN $ / CWT",NA,70.9
2019,"MARKETING YEAR","STATE","OTHER STATES",NA,"FRESH MARKET",NA,"PRICE RECEIVED","MEASURED IN $ / CWT",NA,130
2019,"MARKETING YEAR","STATE","OTHER STATES",NA,"PROCESSING",NA,"PRICE RECEIVED","MEASURED IN $ / CWT",NA,52.8
2019,"YEAR","NATIONAL","US TOTAL",NA,NA,NA,"ACRES HARVESTED",NA,NA,45400
2019,"YEAR","NATIONAL","US TOTAL",NA,NA,NA,"ACRES PLANTED",NA,NA,45800
2019,"YEAR","NATIONAL","US TOTAL",NA,NA,NA,"PRODUCTION","MEASURED IN $",NA,2749961000
2019,"YEAR","NATIONAL","US TOTAL",NA,NA,NA,"PRODUCTION","MEASURED IN CWT",NA,23980000
2019,"YEAR","NATIONAL","US TOTAL",NA,NA,NA,"PRODUCTION","MEASURED IN TONS",NA,1199000
2019,"YEAR","NATIONAL","US TOTAL",NA,NA,NA,"YIELD","MEASURED IN CWT / ACRE",NA,528
2019,"YEAR","NATIONAL","US TOTAL",NA,NA,NA,"YIELD","MEASURED IN TONS / ACRE",NA,26.4
2019,"YEAR","NATIONAL","US TOTAL",NA,"FRESH MARKET",NA,"PRODUCTION","MEASURED IN $",NA,2501482000
2019,"YEAR","NATIONAL","US TOTAL",NA,"FRESH MARKET","UTILIZED","PRODUCTION","MEASURED IN CWT",NA,19251000
2019,"YEAR","NATIONAL","US TOTAL",NA,NA,NA,"NOT SOLD PRODUCTION","MEASURED IN CWT",NA,21300
2019,"YEAR","NATIONAL","US TOTAL",NA,"PROCESSING",NA,"PRODUCTION","MEASURED IN $",NA,248479000
2019,"YEAR","NATIONAL","US TOTAL",NA,"PROCESSING","UTILIZED","PRODUCTION","MEASURED IN CWT",NA,4707700
2019,"YEAR","NATIONAL","US TOTAL",NA,NA,"UTILIZED","PRODUCTION","MEASURED IN CWT",NA,23958700
2019,"YEAR","NATIONAL","US TOTAL",NA,NA,"UTILIZED","PRODUCTION","MEASURED IN TONS",NA,1197935
2019,"YEAR","STATE","CALIFORNIA","06",NA,NA,"ACRES HARVESTED",NA,NA,34900
2019,"YEAR","STATE","CALIFORNIA","06",NA,NA,"ACRES PLANTED",NA,NA,35300
2019,"YEAR","STATE","CALIFORNIA","06",NA,NA,"PRODUCTION","MEASURED IN $",NA,2342148000
2019,"YEAR","STATE","CALIFORNIA","06",NA,NA,"PRODUCTION","MEASURED IN CWT",NA,21300000
2019,"YEAR","STATE","CALIFORNIA","06",NA,NA,"YIELD","MEASURED IN CWT / ACRE",NA,610
2019,"YEAR","STATE","CALIFORNIA","06","FRESH MARKET",NA,"PRODUCTION","MEASURED IN $",NA,114740032.1
2019,"YEAR","STATE","CALIFORNIA","06","FRESH MARKET","UTILIZED","PRODUCTION","MEASURED IN CWT",NA,114740032.1
2019,"YEAR","STATE","CALIFORNIA","06",NA,NA,"NOT SOLD PRODUCTION","MEASURED IN CWT",NA,21300
2019,"YEAR","STATE","CALIFORNIA","06","PROCESSING",NA,"PRODUCTION","MEASURED IN $",NA,114740032.1
2019,"YEAR","STATE","CALIFORNIA","06","PROCESSING","UTILIZED","PRODUCTION","MEASURED IN CWT",NA,114740032.1
2019,"YEAR","STATE","CALIFORNIA","06",NA,"UTILIZED","PRODUCTION","MEASURED IN CWT",NA,21278700
2019,"YEAR","STATE","FLORIDA","12",NA,NA,"ACRES HARVESTED",NA,NA,10500
2019,"YEAR","STATE","FLORIDA","12",NA,NA,"ACRES PLANTED",NA,NA,10500
2019,"YEAR","STATE","FLORIDA","12",NA,NA,"PRODUCTION","MEASURED IN $",NA,407813000
2019,"YEAR","STATE","FLORIDA","12",NA,NA,"PRODUCTION","MEASURED IN CWT",NA,2680000
2019,"YEAR","STATE","FLORIDA","12",NA,NA,"YIELD","MEASURED IN CWT / ACRE",NA,255
2019,"YEAR","STATE","FLORIDA","12","FRESH MARKET",NA,"PRODUCTION","MEASURED IN $",NA,3565991.7
2019,"YEAR","STATE","FLORIDA","12","FRESH MARKET","UTILIZED","PRODUCTION","MEASURED IN CWT",NA,3565991.7
2019,"YEAR","STATE","FLORIDA","12",NA,NA,"NOT SOLD PRODUCTION","MEASURED IN CWT",NA,0
2019,"YEAR","STATE","FLORIDA","12","PROCESSING",NA,"PRODUCTION","MEASURED IN $",NA,3565991.7
2019,"YEAR","STATE","FLORIDA","12","PROCESSING","UTILIZED","PRODUCTION","MEASURED IN CWT",NA,3565991.7
2019,"YEAR","STATE","FLORIDA","12",NA,"UTILIZED","PRODUCTION","MEASURED IN CWT",NA,2680000
2019,"YEAR","STATE","OTHER STATES",NA,"FRESH MARKET",NA,"PRODUCTION","MEASURED IN $",NA,2501482000
2019,"YEAR","STATE","OTHER STATES",NA,"FRESH MARKET","UTILIZED","PRODUCTION","MEASURED IN CWT",NA,19251000
2019,"YEAR","STATE","OTHER STATES",NA,"PROCESSING",NA,"PRODUCTION","MEASURED IN $",NA,248479000
2019,"YEAR","STATE","OTHER STATES",NA,"PROCESSING","UTILIZED","PRODUCTION","MEASURED IN CWT",NA,4707700
2018,"MARKETING YEAR","NATIONAL","US TOTAL",NA,NA,NA,"PRICE RECEIVED","MEASURED IN $ / CWT",NA,93.5
2018,"MARKETING YEAR","NATIONAL","US TOTAL",NA,"FRESH MARKET",NA,"PRICE RECEIVED","MEASURED IN $ / CWT",NA,106
2018,"MARKETING YEAR","NATIONAL","US TOTAL",NA,"PROCESSING",NA,"PRICE RECEIVED","MEASURED IN $ / CWT",NA,43.7
2018,"MARKETING YEAR","NATIONAL","US TOTAL",NA,"PROCESSING",NA,"PRICE RECEIVED","MEASURED IN $ / TON",NA,760
2018,"MARKETING YEAR","STATE","CALIFORNIA","06",NA,NA,"PRICE RECEIVED","MEASURED IN $ / CWT",NA,90.9
2018,"MARKETING YEAR","STATE","CALIFORNIA","06","FRESH MARKET",NA,"PRICE RECEIVED","MEASURED IN $ / CWT",NA,104
2018,"MARKETING YEAR","STATE","CALIFORNIA","06","PROCESSING",NA,"PRICE RECEIVED","MEASURED IN $ / CWT",NA,42.2
2018,"MARKETING YEAR","STATE","CALIFORNIA","06","PROCESSING",NA,"PRICE RECEIVED","MEASURED IN $ / TON",NA,730
2018,"MARKETING YEAR","STATE","FLORIDA","12",NA,NA,"PRICE RECEIVED","MEASURED IN $ / CWT",NA,115
2018,"MARKETING YEAR","STATE","FLORIDA","12","FRESH MARKET",NA,"PRICE RECEIVED","MEASURED IN $ / CWT",NA,115
2018,"MARKETING YEAR","STATE","FLORIDA","12","PROCESSING",NA,"PRICE RECEIVED","MEASURED IN $ / CWT",NA,0
2018,"MARKETING YEAR","STATE","FLORIDA","12","PROCESSING",NA,"PRICE RECEIVED","MEASURED IN $ / TON",NA,0
2018,"MARKETING YEAR","STATE","NEW YORK","36",NA,NA,"PRICE RECEIVED","MEASURED IN $ / CWT",NA,204
2018,"MARKETING YEAR","STATE","NEW YORK","36","FRESH MARKET",NA,"PRICE RECEIVED","MEASURED IN $ / CWT",NA,11.2
2018,"MARKETING YEAR","STATE","NEW YORK","36","PROCESSING",NA,"PRICE RECEIVED","MEASURED IN $ / CWT",NA,11.2
2018,"MARKETING YEAR","STATE","NORTH CAROLINA","37",NA,NA,"PRICE RECEIVED","MEASURED IN $ / CWT",NA,171
2018,"MARKETING YEAR","STATE","NORTH CAROLINA","37","FRESH MARKET",NA,"PRICE RECEIVED","MEASURED IN $ / CWT",NA,171
2018,"MARKETING YEAR","STATE","NORTH CAROLINA","37","PROCESSING",NA,"PRICE RECEIVED","MEASURED IN $ / CWT",NA,0
2018,"MARKETING YEAR","STATE","NORTH CAROLINA","37","PROCESSING",NA,"PRICE RECEIVED","MEASURED IN $ / TON",NA,0
2018,"MARKETING YEAR","STATE","OREGON","41",NA,NA,"PRICE RECEIVED","MEASURED IN $ / CWT",NA,107
2018,"MARKETING YEAR","STATE","OREGON","41","FRESH MARKET",NA,"PRICE RECEIVED","MEASURED IN $ / CWT",NA,25.7
2018,"MARKETING YEAR","STATE","OREGON","41","PROCESSING",NA,"PRICE RECEIVED","MEASURED IN $ / CWT",NA,25.7
2018,"MARKETING YEAR","STATE","OTHER STATES",NA,"FRESH MARKET",NA,"PRICE RECEIVED","MEASURED IN $ / CWT",NA,212
2018,"MARKETING YEAR","STATE","OTHER STATES",NA,"PROCESSING",NA,"PRICE RECEIVED","MEASURED IN $ / CWT",NA,88
2018,"MARKETING YEAR","STATE","WASHINGTON","53",NA,NA,"PRICE RECEIVED","MEASURED IN $ / CWT",NA,107
2018,"MARKETING YEAR","STATE","WASHINGTON","53","FRESH MARKET",NA,"PRICE RECEIVED","MEASURED IN $ / CWT",NA,18.6
2018,"MARKETING YEAR","STATE","WASHINGTON","53","PROCESSING",NA,"PRICE RECEIVED","MEASURED IN $ / CWT",NA,18.6
2018,"YEAR","NATIONAL","US TOTAL",NA,NA,NA,"ACRES HARVESTED",NA,NA,49320
2018,"YEAR","NATIONAL","US TOTAL",NA,NA,NA,"ACRES PLANTED",NA,NA,49800
2018,"YEAR","NATIONAL","US TOTAL",NA,NA,NA,"PRODUCTION","MEASURED IN $",NA,2472447000
2018,"YEAR","NATIONAL","US TOTAL",NA,NA,NA,"PRODUCTION","MEASURED IN CWT",NA,26480000
2018,"YEAR","NATIONAL","US TOTAL",NA,NA,NA,"YIELD","MEASURED IN CWT / ACRE",NA,537
2018,"YEAR","NATIONAL","US TOTAL",NA,"FRESH MARKET",NA,"PRODUCTION","MEASURED IN $",NA,2242706000
2018,"YEAR","NATIONAL","US TOTAL",NA,"FRESH MARKET","UTILIZED","PRODUCTION","MEASURED IN CWT",NA,21196100
2018,"YEAR","NATIONAL","US TOTAL",NA,NA,NA,"NOT SOLD PRODUCTION","MEASURED IN CWT",NA,25100
2018,"YEAR","NATIONAL","US TOTAL",NA,"PROCESSING",NA,"PRODUCTION","MEASURED IN $",NA,229741000
2018,"YEAR","NATIONAL","US TOTAL",NA,"PROCESSING","UTILIZED","PRODUCTION","MEASURED IN CWT",NA,5258800
2018,"YEAR","NATIONAL","US TOTAL",NA,"PROCESSING","UTILIZED","PRODUCTION","MEASURED IN TONS",NA,284740
2018,"YEAR","NATIONAL","US TOTAL",NA,NA,"UTILIZED","PRODUCTION","MEASURED IN CWT",NA,26454900
2018,"YEAR","STATE","CALIFORNIA","06",NA,NA,"ACRES HARVESTED",NA,NA,36300
2018,"YEAR","STATE","CALIFORNIA","06",NA,NA,"ACRES PLANTED",NA,NA,36300
2018,"YEAR","STATE","CALIFORNIA","06",NA,NA,"PRODUCTION","MEASURED IN $",NA,2179066000
2018,"YEAR","STATE","CALIFORNIA","06",NA,NA,"PRODUCTION","MEASURED IN CWT",NA,2.4e+07
2018,"YEAR","STATE","CALIFORNIA","06",NA,NA,"YIELD","MEASURED IN CWT / ACRE",NA,660
2018,"YEAR","STATE","CALIFORNIA","06","FRESH MARKET",NA,"PRODUCTION","MEASURED IN $",NA,1964352000
2018,"YEAR","STATE","CALIFORNIA","06","FRESH MARKET","UTILIZED","PRODUCTION","MEASURED IN CWT",NA,18888000
2018,"YEAR","STATE","CALIFORNIA","06",NA,NA,"NOT SOLD PRODUCTION","MEASURED IN CWT",NA,24000
2018,"YEAR","STATE","CALIFORNIA","06","PROCESSING",NA,"PRODUCTION","MEASURED IN $",NA,214714000
2018,"YEAR","STATE","CALIFORNIA","06","PROCESSING","UTILIZED","PRODUCTION","MEASURED IN CWT",NA,5088000
2018,"YEAR","STATE","CALIFORNIA","06","PROCESSING","UTILIZED","PRODUCTION","MEASURED IN TONS",NA,276358
2018,"YEAR","STATE","CALIFORNIA","06",NA,"UTILIZED","PRODUCTION","MEASURED IN CWT",NA,23976000
2018,"YEAR","STATE","FLORIDA","12",NA,NA,"ACRES HARVESTED",NA,NA,9400
2018,"YEAR","STATE","FLORIDA","12",NA,NA,"ACRES PLANTED",NA,NA,9400
2018,"YEAR","STATE","FLORIDA","12",NA,NA,"PRODUCTION","MEASURED IN $",NA,243800000
2018,"YEAR","STATE","FLORIDA","12",NA,NA,"PRODUCTION","MEASURED IN CWT",NA,2120000
2018,"YEAR","STATE","FLORIDA","12",NA,NA,"YIELD","MEASURED IN CWT / ACRE",NA,225
2018,"YEAR","STATE","FLORIDA","12","FRESH MARKET",NA,"PRODUCTION","MEASURED IN $",NA,243800000
2018,"YEAR","STATE","FLORIDA","12","FRESH MARKET","UTILIZED","PRODUCTION","MEASURED IN CWT",NA,2120000
2018,"YEAR","STATE","FLORIDA","12",NA,NA,"NOT SOLD PRODUCTION","MEASURED IN CWT",NA,0
2018,"YEAR","STATE","FLORIDA","12","PROCESSING",NA,"PRODUCTION","MEASURED IN $",NA,0
2018,"YEAR","STATE","FLORIDA","12","PROCESSING","UTILIZED","PRODUCTION","MEASURED IN CWT",NA,0
2018,"YEAR","STATE","FLORIDA","12","PROCESSING","UTILIZED","PRODUCTION","MEASURED IN TONS",NA,0
2018,"YEAR","STATE","FLORIDA","12",NA,"UTILIZED","PRODUCTION","MEASURED IN CWT",NA,2120000
2018,"YEAR","STATE","NEW YORK","36",NA,NA,"ACRES HARVESTED",NA,NA,700
2018,"YEAR","STATE","NEW YORK","36",NA,NA,"ACRES PLANTED",NA,NA,800
2018,"YEAR","STATE","NEW YORK","36",NA,NA,"PRODUCTION","MEASURED IN $",NA,6065000
2018,"YEAR","STATE","NEW YORK","36",NA,NA,"PRODUCTION","MEASURED IN CWT",NA,30000
2018,"YEAR","STATE","NEW YORK","36",NA,NA,"YIELD","MEASURED IN CWT / ACRE",NA,44
2018,"YEAR","STATE","NEW YORK","36","FRESH MARKET",NA,"PRODUCTION","MEASURED IN $",NA,604436.2
2018,"YEAR","STATE","NEW YORK","36","FRESH MARKET","UTILIZED","PRODUCTION","MEASURED IN CWT",NA,604436.2
2018,"YEAR","STATE","NEW YORK","36",NA,NA,"NOT SOLD PRODUCTION","MEASURED IN CWT",NA,200
2018,"YEAR","STATE","NEW YORK","36","PROCESSING",NA,"PRODUCTION","MEASURED IN $",NA,604436.2
2018,"YEAR","STATE","NEW YORK","36","PROCESSING","UTILIZED","PRODUCTION","MEASURED IN CWT",NA,604436.2
2018,"YEAR","STATE","NEW YORK","36",NA,"UTILIZED","PRODUCTION","MEASURED IN CWT",NA,29800
2018,"YEAR","STATE","NORTH CAROLINA","37",NA,NA,"ACRES HARVESTED",NA,NA,1000
2018,"YEAR","STATE","NORTH CAROLINA","37",NA,NA,"ACRES PLANTED",NA,NA,1100
2018,"YEAR","STATE","NORTH CAROLINA","37",NA,NA,"PRODUCTION","MEASURED IN $",NA,22230000
2018,"YEAR","STATE","NORTH CAROLINA","37",NA,NA,"PRODUCTION","MEASURED IN CWT",NA,130000
2018,"YEAR","STATE","NORTH CAROLINA","37",NA,NA,"YIELD","MEASURED IN CWT / ACRE",NA,125
2018,"YEAR","STATE","NORTH CAROLINA","37","FRESH MARKET",NA,"PRODUCTION","MEASURED IN $",NA,22230000
2018,"YEAR","STATE","NORTH CAROLINA","37","FRESH MARKET","UTILIZED","PRODUCTION","MEASURED IN CWT",NA,130000
2018,"YEAR","STATE","NORTH CAROLINA","37",NA,NA,"NOT SOLD PRODUCTION","MEASURED IN CWT",NA,0
2018,"YEAR","STATE","NORTH CAROLINA","37","PROCESSING",NA,"PRODUCTION","MEASURED IN $",NA,0
2018,"YEAR","STATE","NORTH CAROLINA","37","PROCESSING","UTILIZED","PRODUCTION","MEASURED IN CWT",NA,0
2018,"YEAR","STATE","NORTH CAROLINA","37","PROCESSING","UTILIZED","PRODUCTION","MEASURED IN TONS",NA,0
2018,"YEAR","STATE","NORTH CAROLINA","37",NA,"UTILIZED","PRODUCTION","MEASURED IN CWT",NA,130000
2018,"YEAR","STATE","OREGON","41",NA,NA,"ACRES HARVESTED",NA,NA,1100
2018,"YEAR","STATE","OREGON","41",NA,NA,"ACRES PLANTED",NA,NA,1300
2018,"YEAR","STATE","OREGON","41",NA,NA,"PRODUCTION","MEASURED IN $",NA,11687000
2018,"YEAR","STATE","OREGON","41",NA,NA,"PRODUCTION","MEASURED IN CWT",NA,110000
2018,"YEAR","STATE","OREGON","41",NA,NA,"YIELD","MEASURED IN CWT / ACRE",NA,100
2018,"YEAR","STATE","OREGON","41","FRESH MARKET",NA,"PRODUCTION","MEASURED IN $",NA,1325389.6
2018,"YEAR","STATE","OREGON","41","FRESH MARKET","UTILIZED","PRODUCTION","MEASURED IN CWT",NA,1325389.6
2018,"YEAR","STATE","OREGON","41",NA,NA,"NOT SOLD PRODUCTION","MEASURED IN CWT",NA,700
2018,"YEAR","STATE","OREGON","41","PROCESSING",NA,"PRODUCTION","MEASURED IN $",NA,1325389.6
2018,"YEAR","STATE","OREGON","41","PROCESSING","UTILIZED","PRODUCTION","MEASURED IN CWT",NA,1325389.6
2018,"YEAR","STATE","OREGON","41",NA,"UTILIZED","PRODUCTION","MEASURED IN CWT",NA,109300
2018,"YEAR","STATE","OTHER STATES",NA,"FRESH MARKET",NA,"PRODUCTION","MEASURED IN $",NA,12324000
2018,"YEAR","STATE","OTHER STATES",NA,"FRESH MARKET","UTILIZED","PRODUCTION","MEASURED IN CWT",NA,58100
2018,"YEAR","STATE","OTHER STATES",NA,"PROCESSING",NA,"PRODUCTION","MEASURED IN $",NA,15027000
2018,"YEAR","STATE","OTHER STATES",NA,"PROCESSING","UTILIZED","PRODUCTION","MEASURED IN CWT",NA,170800
2018,"YEAR","STATE","WASHINGTON","53",NA,NA,"ACRES HARVESTED",NA,NA,820
2018,"YEAR","STATE","WASHINGTON","53",NA,NA,"ACRES PLANTED",NA,NA,900
2018,"YEAR","STATE","WASHINGTON","53",NA,NA,"PRODUCTION","MEASURED IN $",NA,9599000
2018,"YEAR","STATE","WASHINGTON","53",NA,NA,"PRODUCTION","MEASURED IN CWT",NA,90000
2018,"YEAR","STATE","WASHINGTON","53",NA,NA,"YIELD","MEASURED IN CWT / ACRE",NA,105
2018,"YEAR","STATE","WASHINGTON","53","FRESH MARKET",NA,"PRODUCTION","MEASURED IN $",NA,972521.5
2018,"YEAR","STATE","WASHINGTON","53","FRESH MARKET","UTILIZED","PRODUCTION","MEASURED IN CWT",NA,972521.5
2018,"YEAR","STATE","WASHINGTON","53",NA,NA,"NOT SOLD PRODUCTION","MEASURED IN CWT",NA,200
2018,"YEAR","STATE","WASHINGTON","53","PROCESSING",NA,"PRODUCTION","MEASURED IN $",NA,972521.5
2018,"YEAR","STATE","WASHINGTON","53","PROCESSING","UTILIZED","PRODUCTION","MEASURED IN CWT",NA,972521.5
2018,"YEAR","STATE","WASHINGTON","53",NA,"UTILIZED","PRODUCTION","MEASURED IN CWT",NA,89800
2018,"YEAR - AUG FORECAST","NATIONAL","US TOTAL",NA,NA,NA,"ACRES HARVESTED",NA,NA,49920
2018,"YEAR - AUG FORECAST","NATIONAL","US TOTAL",NA,NA,NA,"ACRES PLANTED",NA,NA,50600
2018,"YEAR - AUG FORECAST","NATIONAL","US TOTAL",NA,NA,NA,"PRODUCTION","MEASURED IN $",NA,3371461000
2018,"YEAR - AUG FORECAST","NATIONAL","US TOTAL",NA,NA,NA,"PRODUCTION","MEASURED IN CWT",NA,31764900
2018,"YEAR - AUG FORECAST","NATIONAL","US TOTAL",NA,NA,NA,"YIELD","MEASURED IN CWT / ACRE",NA,636.3
2018,"YEAR - AUG FORECAST","NATIONAL","US TOTAL",NA,"FRESH MARKET",NA,"PRODUCTION","MEASURED IN $",NA,3154923000
2018,"YEAR - AUG FORECAST","NATIONAL","US TOTAL",NA,"FRESH MARKET","UTILIZED","PRODUCTION","MEASURED IN CWT",NA,26040000
2018,"YEAR - AUG FORECAST","NATIONAL","US TOTAL",NA,NA,NA,"NOT SOLD PRODUCTION","MEASURED IN CWT",NA,30100
2018,"YEAR - AUG FORECAST","NATIONAL","US TOTAL",NA,"PROCESSING",NA,"PRODUCTION","MEASURED IN $",NA,216538000
2018,"YEAR - AUG FORECAST","NATIONAL","US TOTAL",NA,"PROCESSING","UTILIZED","PRODUCTION","MEASURED IN CWT",NA,5694800
2018,"YEAR - AUG FORECAST","NATIONAL","US TOTAL",NA,"PROCESSING","UTILIZED","PRODUCTION","MEASURED IN TONS",NA,284740
2018,"YEAR - AUG FORECAST","NATIONAL","US TOTAL",NA,NA,"UTILIZED","PRODUCTION","MEASURED IN CWT",NA,31734800
2018,"YEAR - AUG FORECAST","STATE","CALIFORNIA","06",NA,NA,"ACRES HARVESTED",NA,NA,36400
2018,"YEAR - AUG FORECAST","STATE","CALIFORNIA","06",NA,NA,"ACRES PLANTED",NA,NA,36500
2018,"YEAR - AUG FORECAST","STATE","CALIFORNIA","06",NA,NA,"PRODUCTION","MEASURED IN $",NA,3030953000
2018,"YEAR - AUG FORECAST","STATE","CALIFORNIA","06",NA,NA,"PRODUCTION","MEASURED IN CWT",NA,28938000
2018,"YEAR - AUG FORECAST","STATE","CALIFORNIA","06",NA,NA,"YIELD","MEASURED IN CWT / ACRE",NA,795
2018,"YEAR - AUG FORECAST","STATE","CALIFORNIA","06","FRESH MARKET",NA,"PRODUCTION","MEASURED IN $",NA,2829210000
2018,"YEAR - AUG FORECAST","STATE","CALIFORNIA","06","FRESH MARKET","UTILIZED","PRODUCTION","MEASURED IN CWT",NA,23381900
2018,"YEAR - AUG FORECAST","STATE","CALIFORNIA","06",NA,NA,"NOT SOLD PRODUCTION","MEASURED IN CWT",NA,28900
2018,"YEAR - AUG FORECAST","STATE","CALIFORNIA","06","PROCESSING",NA,"PRODUCTION","MEASURED IN $",NA,201743000
2018,"YEAR - AUG FORECAST","STATE","CALIFORNIA","06","PROCESSING","UTILIZED","PRODUCTION","MEASURED IN CWT",NA,5527200
2018,"YEAR - AUG FORECAST","STATE","CALIFORNIA","06","PROCESSING","UTILIZED","PRODUCTION","MEASURED IN TONS",NA,276358
2018,"YEAR - AUG FORECAST","STATE","CALIFORNIA","06",NA,"UTILIZED","PRODUCTION","MEASURED IN CWT",NA,28909100
2018,"YEAR - AUG FORECAST","STATE","FLORIDA","12",NA,NA,"ACRES HARVESTED",NA,NA,9900
2018,"YEAR - AUG FORECAST","STATE","FLORIDA","12",NA,NA,"ACRES PLANTED",NA,NA,10000
2018,"YEAR - AUG FORECAST","STATE","FLORIDA","12",NA,NA,"PRODUCTION","MEASURED IN $",NA,292050000
2018,"YEAR - AUG FORECAST","STATE","FLORIDA","12",NA,NA,"PRODUCTION","MEASURED IN CWT",NA,2475000
2018,"YEAR - AUG FORECAST","STATE","FLORIDA","12",NA,NA,"YIELD","MEASURED IN CWT / ACRE",NA,250
2018,"YEAR - AUG FORECAST","STATE","FLORIDA","12","FRESH MARKET",NA,"PRODUCTION","MEASURED IN $",NA,292050000
2018,"YEAR - AUG FORECAST","STATE","FLORIDA","12","FRESH MARKET","UTILIZED","PRODUCTION","MEASURED IN CWT",NA,2475000
2018,"YEAR - AUG FORECAST","STATE","FLORIDA","12",NA,NA,"NOT SOLD PRODUCTION","MEASURED IN CWT",NA,0
2018,"YEAR - AUG FORECAST","STATE","FLORIDA","12","PROCESSING",NA,"PRODUCTION","MEASURED IN $",NA,0
2018,"YEAR - AUG FORECAST","STATE","FLORIDA","12","PROCESSING","UTILIZED","PRODUCTION","MEASURED IN CWT",NA,0
2018,"YEAR - AUG FORECAST","STATE","FLORIDA","12","PROCESSING","UTILIZED","PRODUCTION","MEASURED IN TONS",NA,0
2018,"YEAR - AUG FORECAST","STATE","FLORIDA","12",NA,"UTILIZED","PRODUCTION","MEASURED IN CWT",NA,2475000
2018,"YEAR - AUG FORECAST","STATE","NEW YORK","36",NA,NA,"ACRES HARVESTED",NA,NA,700
2018,"YEAR - AUG FORECAST","STATE","NEW YORK","36",NA,NA,"ACRES PLANTED",NA,NA,800
2018,"YEAR - AUG FORECAST","STATE","NEW YORK","36",NA,NA,"PRODUCTION","MEASURED IN $",NA,6229000
2018,"YEAR - AUG FORECAST","STATE","NEW YORK","36",NA,NA,"PRODUCTION","MEASURED IN CWT",NA,30800
2018,"YEAR - AUG FORECAST","STATE","NEW YORK","36",NA,NA,"YIELD","MEASURED IN CWT / ACRE",NA,44
2018,"YEAR - AUG FORECAST","STATE","NEW YORK","36","FRESH MARKET",NA,"PRODUCTION","MEASURED IN $",NA,542037.3
2018,"YEAR - AUG FORECAST","STATE","NEW YORK","36","FRESH MARKET","UTILIZED","PRODUCTION","MEASURED IN CWT",NA,542037.3
2018,"YEAR - AUG FORECAST","STATE","NEW YORK","36",NA,NA,"NOT SOLD PRODUCTION","MEASURED IN CWT",NA,200
2018,"YEAR - AUG FORECAST","STATE","NEW YORK","36","PROCESSING",NA,"PRODUCTION","MEASURED IN $",NA,542037.3
2018,"YEAR - AUG FORECAST","STATE","NEW YORK","36","PROCESSING","UTILIZED","PRODUCTION","MEASURED IN CWT",NA,542037.3
2018,"YEAR - AUG FORECAST","STATE","NEW YORK","36",NA,"UTILIZED","PRODUCTION","MEASURED IN CWT",NA,30600
2018,"YEAR - AUG FORECAST","STATE","NORTH CAROLINA","37",NA,NA,"ACRES HARVESTED",NA,NA,1000
2018,"YEAR - AUG FORECAST","STATE","NORTH CAROLINA","37",NA,NA,"ACRES PLANTED",NA,NA,1100
2018,"YEAR - AUG FORECAST","STATE","NORTH CAROLINA","37",NA,NA,"PRODUCTION","MEASURED IN $",NA,21375000
2018,"YEAR - AUG FORECAST","STATE","NORTH CAROLINA","37",NA,NA,"PRODUCTION","MEASURED IN CWT",NA,125000
2018,"YEAR - AUG FORECAST","STATE","NORTH CAROLINA","37",NA,NA,"YIELD","MEASURED IN CWT / ACRE",NA,125
2018,"YEAR - AUG FORECAST","STATE","NORTH CAROLINA","37","FRESH MARKET",NA,"PRODUCTION","MEASURED IN $",NA,21375000
2018,"YEAR - AUG FORECAST","STATE","NORTH CAROLINA","37","FRESH MARKET","UTILIZED","PRODUCTION","MEASURED IN CWT",NA,125000
2018,"YEAR - AUG FORECAST","STATE","NORTH CAROLINA","37",NA,NA,"NOT SOLD PRODUCTION","MEASURED IN CWT",NA,0
2018,"YEAR - AUG FORECAST","STATE","NORTH CAROLINA","37","PROCESSING",NA,"PRODUCTION","MEASURED IN $",NA,0
2018,"YEAR - AUG FORECAST","STATE","NORTH CAROLINA","37","PROCESSING","UTILIZED","PRODUCTION","MEASURED IN CWT",NA,0
2018,"YEAR - AUG FORECAST","STATE","NORTH CAROLINA","37","PROCESSING","UTILIZED","PRODUCTION","MEASURED IN TONS",NA,0
2018,"YEAR - AUG FORECAST","STATE","NORTH CAROLINA","37",NA,"UTILIZED","PRODUCTION","MEASURED IN CWT",NA,125000
2018,"YEAR - AUG FORECAST","STATE","OREGON","41",NA,NA,"ACRES HARVESTED",NA,NA,1100
2018,"YEAR - AUG FORECAST","STATE","OREGON","41",NA,NA,"ACRES PLANTED",NA,NA,1300
2018,"YEAR - AUG FORECAST","STATE","OREGON","41",NA,NA,"PRODUCTION","MEASURED IN $",NA,11687000
2018,"YEAR - AUG FORECAST","STATE","OREGON","41",NA,NA,"PRODUCTION","MEASURED IN CWT",NA,110000
2018,"YEAR - AUG FORECAST","STATE","OREGON","41",NA,NA,"YIELD","MEASURED IN CWT / ACRE",NA,100
2018,"YEAR - AUG FORECAST","STATE","OREGON","41","FRESH MARKET",NA,"PRODUCTION","MEASURED IN $",NA,1188563.4
2018,"YEAR - AUG FORECAST","STATE","OREGON","41","FRESH MARKET","UTILIZED","PRODUCTION","MEASURED IN CWT",NA,1188563.4
2018,"YEAR - AUG FORECAST","STATE","OREGON","41",NA,NA,"NOT SOLD PRODUCTION","MEASURED IN CWT",NA,700
2018,"YEAR - AUG FORECAST","STATE","OREGON","41","PROCESSING",NA,"PRODUCTION","MEASURED IN $",NA,1188563.4
2018,"YEAR - AUG FORECAST","STATE","OREGON","41","PROCESSING","UTILIZED","PRODUCTION","MEASURED IN CWT",NA,1188563.4
2018,"YEAR - AUG FORECAST","STATE","OREGON","41",NA,"UTILIZED","PRODUCTION","MEASURED IN CWT",NA,109300
2018,"YEAR - AUG FORECAST","STATE","OTHER STATES",NA,"FRESH MARKET",NA,"PRODUCTION","MEASURED IN $",NA,12288000
2018,"YEAR - AUG FORECAST","STATE","OTHER STATES",NA,"FRESH MARKET","UTILIZED","PRODUCTION","MEASURED IN CWT",NA,58100
2018,"YEAR - AUG FORECAST","STATE","OTHER STATES",NA,"PROCESSING",NA,"PRODUCTION","MEASURED IN $",NA,14795000
2018,"YEAR - AUG FORECAST","STATE","OTHER STATES",NA,"PROCESSING","UTILIZED","PRODUCTION","MEASURED IN CWT",NA,167600
2018,"YEAR - AUG FORECAST","STATE","WASHINGTON","53",NA,NA,"ACRES HARVESTED",NA,NA,820
2018,"YEAR - AUG FORECAST","STATE","WASHINGTON","53",NA,NA,"ACRES PLANTED",NA,NA,900
2018,"YEAR - AUG FORECAST","STATE","WASHINGTON","53",NA,NA,"PRODUCTION","MEASURED IN $",NA,9167000
2018,"YEAR - AUG FORECAST","STATE","WASHINGTON","53",NA,NA,"PRODUCTION","MEASURED IN CWT",NA,86100
2018,"YEAR - AUG FORECAST","STATE","WASHINGTON","53",NA,NA,"YIELD","MEASURED IN CWT / ACRE",NA,105
2018,"YEAR - AUG FORECAST","STATE","WASHINGTON","53","FRESH MARKET",NA,"PRODUCTION","MEASURED IN $",NA,872123.6
2018,"YEAR - AUG FORECAST","STATE","WASHINGTON","53","FRESH MARKET","UTILIZED","PRODUCTION","MEASURED IN CWT",NA,872123.6
2018,"YEAR - AUG FORECAST","STATE","WASHINGTON","53",NA,NA,"NOT SOLD PRODUCTION","MEASURED IN CWT",NA,300
2018,"YEAR - AUG FORECAST","STATE","WASHINGTON","53","PROCESSING",NA,"PRODUCTION","MEASURED IN $",NA,872123.6
2018,"YEAR - AUG FORECAST","STATE","WASHINGTON","53","PROCESSING","UTILIZED","PRODUCTION","MEASURED IN CWT",NA,872123.6
2018,"YEAR - AUG FORECAST","STATE","WASHINGTON","53",NA,"UTILIZED","PRODUCTION","MEASURED IN CWT",NA,85800
